<?xml version="1.0" encoding="utf-8"?>
<!DOCTYPE install SYSTEM "http://dev.joomla.org/xml/1.5/component-install.dtd">
<install type="component" version="1.5.0" method="upgrade">
	<name>Molajotools</name>
	<creationDate>2010-11-18</creationDate>
	<author>Nicholas K. Dionysopoulos</author>
	<authorEmail>nicholas@akeebabackup.com</authorEmail>
	<authorUrl>http://www.akeebabackup.com</authorUrl>
	<copyright>Copyright (c)2010 Nicholas K. Dionysopoulos</copyright>
	<license>This component in released under the GNU/GPL v3 or later license</license>
	<version>1.0</version>
	<description>Security and utilitarian tools for Molajo site administrators</description>

	<!-- Public front end files -->
	<files folder="frontend">
		<filename>molajotools.php</filename>
		<folder>controllers</folder>
		<folder>models</folder>
		<folder>views</folder>
	</files>

	<!-- Media files -->
	<media destination="com_molajotools" folder="media">
		<folder>css</folder>
		<folder>images</folder>
		<folder>js</folder>
	</media>

	<!-- Administrator back-end section -->
	<administration>
		<!-- Administration menu -->
		<menu view="cpanel"
			img="../media/com_molajotools/images/molajotools-16.png">COM_MOLAJOTOOLS</menu>

		<!-- Back-end files -->
		<files folder="backend">
			<filename>access.xml</filename>
			<filename>molajotools.php</filename>
			<filename>config.xml</filename>
			<filename>index.html</filename>
			<filename>version.php</filename>

			<folder>classes</folder>
			<folder>controllers</folder>
			<folder>helpers</folder>
			<folder>language</folder>
			<folder>models</folder>
			<folder>tables</folder>
			<folder>views</folder>
		</files>

		<!-- Back-end translation files -->
		<languages folder="translations/backend">
			<language tag="en-GB">en-GB.com_molajotools.ini</language>
		</languages>

	</administration>

</install>
