<?xml version="1.0" encoding="utf-8"?>
<!DOCTYPE install SYSTEM "http://dev.joomla.org/xml/1.5/component-install.dtd">
<install type="component" version="1.5.0" method="upgrade">
	<name>jbetolo</name>
	<creationDate>November 2010</creationDate>
	<author>Gobezu Sewu</author>
	<authorEmail>info@jproven.com</authorEmail>
	<authorUrl>http://www.jproven.com</authorUrl>
	<copyright>(C) 2010 jproven.com</copyright>
	<license>http://www.gnu.org/licenses/gpl-2.0.html GNU/GPL</license>
	<version>2.0-beta-140</version>
	<description><![CDATA[jbetolo, a site optimization solution]]></description>
	<files folder="site">
		<filename>index.html</filename>
		<filename>jbetolo.php</filename>
	</files>

	<administration>
                <menu>jbetolo</menu>                
                <files folder="admin">
                        <filename>index.html</filename>
                        <filename>jbetolo.php</filename>
                        <filename>helper.php</filename>
                </files>
	</administration>

        <additional>
                <plugin name="jbetolo" folder="plugins/system" type="system">jbetolo system plugin</plugin>
        </additional>

        <installfile>install.php</installfile>
        <uninstallfile>uninstall.php</uninstallfile>
</install>